Ming-Yang Kao;Ming-Yang.Kao@gmail.com;Mexico
Demetres D. Kouvatsos;Demetres.Kouvatsos@gmail.com;Spain
Grzegorz Rozenberg;Grzegorz.Rozenberg@gmail.com;United Kingdom
Thomas Bäck;Thomas.Bäck@gmail.com;Austria
Joost N. Kok;Joost.Kok@gmail.com;Spain
Shashi Shekhar;Shashi.Shekhar@gmail.com;Austria
Hui Xiong;Hui.Xiong@gmail.com;Italy
Marco Aiello 0001;Marco.0001@gmail.com;South Korea
Ian Pratt-Hartmann;Ian.Pratt-Hartmann@gmail.com;Netherlands
Johan van Benthem;Johan.Benthem@gmail.com;Turkey
Dieter Jaeger;Dieter.Jaeger@gmail.com;Austria
Ranu Jung;Ranu.Jung@gmail.com;Australia
Christodoulos A. Floudas;Christodoulos.Floudas@gmail.com;Brazil
Panos M. Pardalos;Panos.Pardalos@gmail.com;People's Republic of China
David G. Schwartz;David.Schwartz@gmail.com;Denmark
Dov Te'eni;Dov.Te'eni@gmail.com;United States
Yin Leng Theng;Yin.Theng@gmail.com;Mexico
Schubert Foo;Schubert.Foo@gmail.com;Egypt
Dion Hoe-Lian Goh;Dion.Goh@gmail.com;Switzerland
Jin-Cheon Na;Jin-Cheon.Na@gmail.com;Japan
Ling Liu;Ling.Liu@gmail.com;Belgium
M. Tamer Özsu;M..Özsu@gmail.com;People's Republic of China
John Wang;John.Wang@gmail.com;India
Marian Quigley;Marian.Quigley@gmail.com;United Kingdom
Robert A. Meyers;Robert.Meyers@gmail.com;Canada
John Baillieul;John.Baillieul@gmail.com;People's Republic of China
Tariq Samad;Tariq.Samad@gmail.com;Austria
Borko Furht;Borko.Furht@gmail.com;People's Republic of China
Henk C. A. van Tilborg;Henk.Tilborg@gmail.com;Sweden
Sushil Jajodia;Sushil.Jajodia@gmail.com;South Korea
Oded Maimon;Oded.Maimon@gmail.com;Austria
Lior Rokach;Lior.Rokach@gmail.com;Austria
Phillip A. Laplante;Phillip.Laplante@gmail.com;United Kingdom
Peter P. Stavroulakis;Peter.Stavroulakis@gmail.com;Denmark
Mark Stamp;Mark.Stamp@gmail.com;Greece
Nitin Indurkhya;Nitin.Indurkhya@gmail.com;Mexico
Fred J. Damerau;Fred.Damerau@gmail.com;Norway
Bruno Siciliano;Bruno.Siciliano@gmail.com;Norway
Oussama Khatib;Oussama.Khatib@gmail.com;Austria
Shuvra S. Bhattacharyya;Shuvra.Bhattacharyya@gmail.com;Japan
Ed F. Deprettere;Ed.Deprettere@gmail.com;United States
Rainer Leupers;Rainer.Leupers@gmail.com;Egypt
Jarmo Takala;Jarmo.Takala@gmail.com;Israel
Arthur Tatnall;Arthur.Tatnall@gmail.com;People's Republic of China
Janglin Chen;Janglin.Chen@gmail.com;United Kingdom
Wayne Cranton;Wayne.Cranton@gmail.com;Saudi Arabia
Mark Fihn;Mark.Fihn@gmail.com;Greece
Reda Alhajj;Reda.Alhajj@gmail.com;Egypt
Jon G. Rokne;Jon.Rokne@gmail.com;Israel
Jacob E. Goodman;Jacob.Goodman@gmail.com;Mexico
Joseph O'Rourke;Joseph.O'Rourke@gmail.com;Ukraine
Stan Z. Li;Stan.Li@gmail.com;Austria
Anil K. Jain;Anil.Jain@gmail.com;Egypt
Max Mühlhäuser;Max.Mühlhäuser@gmail.com;Turkey
Iryna Gurevych;Iryna.Gurevych@gmail.com;South Korea
Sigrid Kelsey;Sigrid.Kelsey@gmail.com;Sweden
Kirk St. Amant;Kirk.Amant@gmail.com;Egypt
Katsushi Ikeuchi;Katsushi.Ikeuchi@gmail.com;Egypt
Benjamin W. Wah;Benjamin.Wah@gmail.com;Norway
Juan R. Rabuñal;Juan.Rabuñal@gmail.com;United Kingdom
Julian Dorado;Julian.Dorado@gmail.com;Brazil
Alejandro Pazos;Alejandro.Pazos@gmail.com;Brazil
Shimon Y. Nof;Shimon.Nof@gmail.com;Netherlands
David A. Padua;David.Padua@gmail.com;Netherlands
Michael Gertz;Michael.Gertz@gmail.com;Germany
David S. Doermann;David.Doermann@gmail.com;Brazil
Karl Tombre;Karl.Tombre@gmail.com;Canada
Claude Sammut;Claude.Sammut@gmail.com;Italy
Geoffrey I. Webb;Geoffrey.Webb@gmail.com;Turkey
Wai-Kai Chen;Wai-Kai.Chen@gmail.com;Mexico
Francesco Ricci;Francesco.Ricci@gmail.com;Egypt
Bracha Shapira;Bracha.Shapira@gmail.com;France
Paul B. Kantor;Paul.Kantor@gmail.com;Ukraine
Chang-Tsun Li;Chang-Tsun.Li@gmail.com;Greece
Nabil R. Adam;Nabil.Adam@gmail.com;Norway
Bharat K. Bhargava;Bharat.Bhargava@gmail.com;Japan
Andreas Podelski;Andreas.Podelski@gmail.com;Ukraine
Otthein Herzog;Otthein.Herzog@gmail.com;Spain
Claus-Rainer Rollinger;Claus-Rainer.Rollinger@gmail.com;Israel
Zhigeng Pan;Zhigeng.Pan@gmail.com;Austria
Adrian David Cheok;Adrian.Cheok@gmail.com;Sweden
Wolfgang Müller;Wolfgang.Müller@gmail.com;South Korea
Abdennour El Rhalibi;Abdennour.Rhalibi@gmail.com;Switzerland
Xiaopeng Zhang ;Xiaopeng.Zhang@gmail.com;Austria
Kevin Wong;Kevin.Wong@gmail.com;Greece
Maiga Chang;Maiga.Chang@gmail.com;Egypt
Mingmin Zhang;Mingmin.Zhang@gmail.com;Denmark
Ido Iurgel;Ido.Iurgel@gmail.com;Spain
Paolo Petta;Paolo.Petta@gmail.com;France
Bodo Urban;Bodo.Urban@gmail.com;Brazil
Xubo Yang;Xubo.Yang@gmail.com;Greece
Fotis Liarokapis;Fotis.Liarokapis@gmail.com;Australia